Email,Fullname,Number
rahman.ahmed@example.com,Rahman Ahmed,+8801712345678
fatima.khan@example.com,Fatima Khan,+8801712345679
hasan.rahman@example.com,Hasan Rahman,+8801712345680
aisha.ali@example.com,Aisha Ali,+8801712345681
mohammad.hossain@example.com,Mohammad Hossain,+8801712345682
nusrat.jahan@example.com,Nusrat Jahan,+8801712345683
karim.uddin@example.com,Karim Uddin,+8801712345684
taslima.begum@example.com,Taslima Begum,+8801712345685
shahid.islam@example.com,Shahid Islam,+8801712345686
rukhsana.akhtar@example.com,Rukhsana Akhtar,+8801712345687
jamal.hasan@example.com,Jamal Hasan,+8801712345688
sharmin.akter@example.com,Sharmin Akter,+8801712345689
rafiq.ahmed@example.com,Rafiq Ahmed,+8801712345690
nazma.khatun@example.com,Nazma Khatun,+8801712345691
salam.miah@example.com,Salam Miah,+8801712345692
shirin.sultana@example.com,Shirin Sultana,+8801712345693
kamal.hossain@example.com,Kamal Hossain,+8801712345694
jahanara.begum@example.com,Jahanara Begum,+8801712345695
nasir.uddin@example.com,Nasir Uddin,+8801712345696
mohsina.akhtar@example.com,Mohsina Akhtar,+8801712345697
ripon.rahman@example.com,Ripon Rahman,+8801712345698
farida.khan@example.com,Farida Khan,+8801712345699
sohel.ali@example.com,Sohel Ali,+8801712345700
shabnam.begum@example.com,Shabnam Begum,+8801712345701
tanvir.hasan@example.com,Tanvir Hasan,+8801712345702
rumana.akter@example.com,Rumana Akter,+8801712345703
shahadat.hossain@example.com,Shahadat Hossain,+8801712345704
mousumi.khatun@example.com,Mousumi Khatun,+8801712345705
rasel.ahmed@example.com,Rasel Ahmed,+8801712345706
sharmin.sultana@example.com,Sharmin Sultana,+8801712345707
monir.uddin@example.com,Monir Uddin,+8801712345708
naznin.begum@example.com,Naznin Begum,+8801712345709
sajib.rahman@example.com,Sajib Rahman,+8801712345710
tania.khan@example.com,Tania Khan,+8801712345711
arif.islam@example.com,Arif Islam,+8801712345712
shirin.akhtar@example.com,Shirin Akhtar,+8801712345713
sumon.hossain@example.com,Sumon Hossain,+8801712345714
jahanara.khatun@example.com,Jahanara Khatun,+8801712345715
rakib.hasan@example.com,Rakib Hasan,+8801712345716
sharmin.begum@example.com,Sharmin Begum,+8801712345717
tanjim.uddin@example.com,Tanjim Uddin,+8801712345718
nazma.akter@example.com,Nazma Akter,+8801712345719
shahid.rahman@example.com,Shahid Rahman,+8801712345720
rupa.khan@example.com,Rupa Khan,+8801712345721
sohel.ahmed@example.com,Sohel Ahmed,+8801712345722
shabnam.sultana@example.com,Shabnam Sultana,+8801712345723
rasel.hossain@example.com,Rasel Hossain,+8801712345724
mousumi.begum@example.com,Mousumi Begum,+8801712345725
ripon.islam@example.com,Ripon Islam,+8801712345726
farida.akhtar@example.com,Farida Akhtar,+8801712345727

